iter,train_accuracy,test_accuracy,test_f1,fit_time,loss
1,0.2934131736526946,0.2934131736526946,0.2039827325651833,0.006273746490478516,1.4991119592353195
50,0.38832335329341316,0.38922155688622756,0.2309665183827507,0.20055294036865234,1.2360619378401356
100,0.55,0.5568862275449101,0.2653175172916738,0.42215394973754883,0.9821754905612792
200,0.6497005988023952,0.6562874251497006,0.26454260197924206,0.7943108081817627,0.7858239616675435
400,0.6751497005988024,0.6694610778443114,0.29910724434355346,1.5334441661834717,0.628498015806978
800,0.7107784431137725,0.7005988023952096,0.4238655462184873,3.222161054611206,0.571480369693904
1600,0.7311377245508982,0.7005988023952096,0.4285671328663241,5.510825157165527,0.5441695314421149
3200,0.7562874251497006,0.7341317365269461,0.45538158706395243,10.46100401878357,0.5061021446107677
