iter,train_accuracy,test_accuracy,test_f1,fit_time,loss
1,0.2934131736526946,0.2934131736526946,0.2039827325651833,0.008706092834472656,1.4991119592353195
50,0.3023952095808383,0.3065868263473054,0.20835612764816305,0.1984541416168213,1.4692570462183947
100,0.3086826347305389,0.3149700598802395,0.2120704655291201,0.33525776863098145,1.4340441405763584
200,0.3212574850299401,0.32934131736526945,0.21724668929637878,0.6544501781463623,1.385323845689026
400,0.35449101796407184,0.36167664670658684,0.22461670126370223,1.2723047733306885,1.2690293154450145
800,0.43233532934131735,0.43353293413173655,0.24091189804482993,2.678663969039917,1.1035856567789721
1600,0.6347305389221557,0.6419161676646706,0.263520157325467,5.363088846206665,0.8226777358737674
3200,0.6787425149700599,0.6778443113772455,0.31315292495990305,10.244739055633545,0.63973515962698
