env_name,algname,gamma,epsilon,threshold,Iteration,variation,V_max_diff,clock_time,# chg action at iter,# chg actions
"frozen-lake-(8, 8)",PI,0.95,0.01,0.0005263157894736847,1,0.6212121212121214,0.6212121212121211,0.001157999038696289,25,25
"frozen-lake-(8, 8)",PI,0.95,0.01,0.0005263157894736847,2,0.1836262366794681,0.183626236679468,0.0022649765014648438,28,53
"frozen-lake-(8, 8)",PI,0.95,0.01,0.0005263157894736847,3,0.05692908313659891,0.056929083136598835,0.003407001495361328,17,70
"frozen-lake-(8, 8)",PI,0.95,0.01,0.0005263157894736847,4,0.02086491266485965,0.020864912664859524,0.004571199417114258,8,78
"frozen-lake-(8, 8)",PI,0.95,0.01,0.0005263157894736847,5,0.00398848629639729,0.003988486296397191,0.005971431732177734,4,82
"frozen-lake-(8, 8)",PI,0.95,0.01,0.0005263157894736847,6,1.9721066884788966e-16,9.860533442394483e-17,0.007169485092163086,5,87
