env_name,algname,gamma,epsilon,threshold,Iteration,V_variation,V_max_diff,V_average,V_sum,clock_time,# chg action at iter,# chg actions
"frozen-lake-(25, 25)",PI,0.95,0.001,5.263157894736847e-05,1,0.6515385963338906,0.6515385963338906,0.006579089973307208,4.111931233317005,0.012968063354492188,323,323
"frozen-lake-(25, 25)",PI,0.95,0.001,5.263157894736847e-05,2,0.4957175162694618,0.4957175162694618,0.015335663805715811,9.584789878572382,0.025450944900512695,207,530
"frozen-lake-(25, 25)",PI,0.95,0.001,5.263157894736847e-05,3,0.14608313103077125,0.14608313103077125,0.019339986863334508,12.087491789584067,0.03888297080993652,78,608
"frozen-lake-(25, 25)",PI,0.95,0.001,5.263157894736847e-05,4,0.013684222008465752,0.013684222008465752,0.019601080977956382,12.25067561122274,0.051126956939697266,51,659
"frozen-lake-(25, 25)",PI,0.95,0.001,5.263157894736847e-05,5,3.262377025522022e-05,3.262377025522022e-05,0.019602153214336674,12.251345758960422,0.06506800651550293,32,691
